dataset,task_type,split_col,n_total,n_train,n_test,n_scaffolds_total,largest_scaffold_size,largest_scaffold_fraction,singleton_scaffold_fraction,n_train_scaffolds,n_test_scaffolds,n_shared_scaffolds,shared_scaffold_fraction_test,train_target_mean,test_target_mean,target_mean_gap_test_minus_train,train_positive_rate,test_positive_rate,positive_rate_gap_test_minus_train
BBBP,classification,split_random,1975,1580,395,1024,130,0.06582278481012659,0.7626953125,863,272,110,0.40441176470588236,0.7601265822784811,0.759493670886076,-0.0006329113924050667,0.7601265822784811,0.759493670886076,-0.0006329113924050667
BBBP,classification,split_scaffold,1975,1565,410,1024,130,0.06582278481012659,0.7626953125,1017,8,0,0.0,0.7335463258785943,0.8609756097560975,0.1274292838775033,0.7335463258785943,0.8609756097560975,0.1274292838775033
BACE,classification,split_random,1513,1210,303,670,55,0.036351619299405155,0.7104477611940299,575,200,104,0.52,0.4570247933884298,0.45544554455445546,-0.0015792488339743116,0.4570247933884298,0.45544554455445546,-0.0015792488339743116
BACE,classification,split_scaffold,1513,1207,306,670,55,0.036351619299405155,0.7104477611940299,661,10,0,0.0,0.41922120961060483,0.6045751633986928,0.18535395378808794,0.41922120961060483,0.6045751633986928,0.18535395378808794
ClinTox,classification,split_random,1461,1168,293,783,145,0.09924709103353867,0.7803320561941252,661,203,80,0.39408866995073893,0.0702054794520548,0.07167235494880546,0.0014668754967506609,0.0702054794520548,0.07167235494880546,0.0014668754967506609
ClinTox,classification,split_scaffold,1461,1160,301,783,145,0.09924709103353867,0.7803320561941252,781,3,0,0.0,0.08275862068965517,0.023255813953488372,-0.0595028067361668,0.08275862068965517,0.023255813953488372,-0.0595028067361668
ESOL,regression,split_random,1117,893,224,268,253,0.22649955237242614,0.7350746268656716,222,82,35,0.4268292682926829,-3.0629753639417694,-2.9997232142857144,0.06325214965605497,,,
ESOL,regression,split_scaffold,1117,801,316,268,253,0.22649955237242614,0.7350746268656716,268,1,0,0.0,-3.4954144818976283,-1.9219873417721518,1.5734271401254765,,,
