dataset,task_type,split,model,n_train,n_test,accuracy,f1,roc_auc,rmse,mae,r2
BBBP,classification,random,RandomForest,1580,395,0.8987341772151899,0.9367088607594937,0.9136315789473684,,,
BBBP,classification,scaffold,RandomForest,1565,410,0.8634146341463415,0.9261213720316622,0.803762238457333,,,
BACE,classification,random,RandomForest,1210,303,0.7854785478547854,0.7636363636363637,0.8818840579710144,,,
BACE,classification,scaffold,RandomForest,1207,306,0.7745098039215687,0.8179419525065963,0.8305338396247488,,,
ClinTox,classification,random,RandomForest,1168,293,0.931740614334471,0.23076923076923078,0.8295693277310925,,,
ClinTox,classification,scaffold,RandomForest,1160,301,0.9800664451827242,0.25,0.7793974732750242,,,
ESOL,regression,random,RandomForest,893,224,,,,1.1013256880372602,0.8093195709040873,0.7136281131210402
ESOL,regression,scaffold,RandomForest,801,316,,,,2.211466291238794,1.931639539732771,-0.480883747732878
