dataset,task_type,n_seeds,ordinary_abs_target_gap_mean,balanced_abs_target_gap_mean,target_gap_reduction_mean,target_gap_reduction_ci95_low,target_gap_reduction_ci95_high,wilcoxon_p,wilcoxon_p_holm
BACE,classification,20,0.1853539537880879,0.002542803647308195,0.18281115014077975,0.1818377680593587,0.18369439862217257,8.621447994652249e-05,0.0003641341373705429
BBBP,classification,20,0.12742928387750324,0.0024435172240192316,0.12498576665348408,0.12420242248118284,0.12571618336199208,8.782404130245518e-05,0.0003641341373705429
ClinTox,classification,20,0.05950280673616678,0.0022713688613353973,0.05723143787483139,0.05707657779744459,0.057392381537321346,7.282682747410859e-05,0.0003641341373705429
ESOL,regression,20,1.5734271401254767,0.10324657003338297,1.4701805700920936,1.4206123437902063,1.5195437013455124,7.850083366477192e-05,0.0003641341373705429
FreeSolv,regression,20,2.841036878881987,1.226015306122449,1.615021572759538,1.615021572759538,1.615021572759538,7.74421643104407e-06,4.646529858626442e-05
HIV,classification,20,0.0038636027169012682,0.003000541382061239,0.0008630613348400292,-0.000554286218774442,0.0022389770474901937,0.04405403137207031,0.04405403137207031
