dataset,task_type,n_seeds,ordinary_abs_target_gap,balanced_abs_target_gap_mean,balanced_abs_target_gap_std,balanced_improvement_percentile_mean,balanced_improvement_percentile_min,balanced_size_deviation_mean,null_abs_target_gap_median
BACE,classification,20,0.18535395378808794,0.002542803647308195,0.002170927579691241,0.9716400000000001,0.9206,0.003135313531353135,0.04520105165193947
BBBP,classification,20,0.1274292838775033,0.0024435172240192316,0.001750239241964969,0.9576600000000001,0.915,0.003924050632911393,0.031209436198431084
ClinTox,classification,20,0.0595028067361668,0.0022713688613353973,0.0003721595079619226,0.91698,0.8734,0.0017123287671232876,0.016523527277125923
ESOL,regression,20,1.5734271401254765,0.10324657003338297,0.12220897705483103,0.9679499999999999,0.9208,0.0827354260089686,0.8250156173168876
FreeSolv,regression,20,2.841036878881987,1.226015306122449,0.0,0.9410000000000001,0.9410000000000001,0.1875,2.269096424414493
HIV,classification,20,0.0038636027169012682,0.003000541382061239,0.003355413556764699,0.67287,0.21699999999999997,0.020154426070038912,0.0040299437164501295
