dataset,task_type,split,n_total,n_train,n_test,n_scaffolds_total,largest_scaffold_fraction,singleton_scaffold_fraction,n_train_scaffolds,n_test_scaffolds,n_shared_scaffolds,shared_scaffold_fraction_test,train_target_mean,test_target_mean,target_mean_gap_test_minus_train
BACE,classification,balanced_scaffold,1513.0,1211.0,302.0,671.0,0.036351619299405155,0.7093889716840537,648.4,22.6,0.0,0.0,0.4569775091013126,0.4556259876470817,-0.0013515214542309528
BBBP,classification,balanced_scaffold,1975.0,1581.2,393.8,1025.0,0.06582278481012659,0.7619512195121951,1002.6,22.4,0.0,0.0,0.7596759014659319,0.7612954225777554,0.001619521111823552
ClinTox,classification,balanced_scaffold,1461.0,1169.8,291.2,784.0,0.09924709103353867,0.7793367346938775,759.2,24.8,0.0,0.0,0.07061017462491714,0.07005192746966507,-0.0005582471552520729
ESOL,regression,balanced_scaffold,1117.0,888.4,228.6,269.0,0.2829006266786034,0.7323420074349443,237.4,31.6,0.0,0.0,-3.074090779079056,-2.96788457124303,0.10620620783602579
FreeSolv,regression,balanced_scaffold,642.0,490.0,152.0,63.0,0.49844236760124605,0.5714285714285714,62.0,1.0,0.0,0.0,-3.51273469387755,-4.73875,-1.226015306122449
HIV,classification,balanced_scaffold,41120.0,32906.4,8213.6,19082.0,0.05082684824902724,0.7493449323970234,18774.2,307.8,0.0,0.0,0.03584109776582038,0.03209381714936799,-0.003747280616452396
